activity_id,npdes_id,version_nmbr,perm_feature_id,perm_feature_nmbr,perm_feature_type_code,perm_feature_type_desc,limit_set_id,limit_set_schedule_id,limit_id,limit_type_code,limit_begin_date,limit_end_date,nmbr_of_submission,parameter_code,parameter_desc,monitoring_location_code,monitoring_location_desc,stay_type_code,stay_type_desc,limit_value_id,limit_value_type_code,limit_value_type_desc,limit_value_nmbr,limit_unit_code,limit_unit_desc,standard_unit_code,standard_unit_desc,limit_value_standard_units,statistical_base_code,statistical_base_short_desc,statistical_base_type_code,statistical_base_type_desc,limit_value_qualifier_code,stay_value_nmbr,dmr_event_id,monitoring_period_end_date,dmr_form_value_id,value_type_code,value_type_desc,dmr_value_id,dmr_value_nmbr,dmr_unit_code,dmr_unit_desc,dmr_value_standard_units,dmr_value_qualifier_code,value_received_date,days_late,nodi_code,nodi_desc,exceedence_pct,npdes_violation_id,violation_code,violation_desc,rnc_detection_code,rnc_detection_desc,rnc_detection_date,rnc_resolution_code,rnc_resolution_desc,rnc_resolution_date,violation_severity
3600178396,"TX0119407",0,3600049681,"001","EXO","External Outfall",3600061722,3600073706,3600437316,"ENF",08/01/2015,03/01/2020,1,"50050","Flow, in conduit or thru treatment plant","1","Effluent Gross","","",3600678122,"Q2","Quantity2",,"03","MGD","03","MGD",,"DD","DAILY MX","MAX","Maximum","",,3600838743,07/31/2016,3610876716,"Q2","Quantity2",3625942746,.0689,"03","MGD",.0689,"=",08/11/2016,,"","",,,"","","","",,"","",,"No Violation Identified"
3600178396,"TX0119407",0,3600049681,"001","EXO","External Outfall",3600061722,3600073706,3600437316,"ENF",08/01/2015,03/01/2020,1,"50050","Flow, in conduit or thru treatment plant","1","Effluent Gross","","",3600678123,"Q1","Quantity1",.131,"03","MGD","03","MGD",.131,"DB","DAILY AV","AVG","Average","<=",,3600838743,07/31/2016,3610876711,"Q1","Quantity1",3625942745,.0613,"03","MGD",.0613,"=",08/11/2016,,"","",,,"","","","",,"","",,"No Violation Identified"
3600178396,"TX0119407",0,3600049681,"001","EXO","External Outfall",3600061722,3600073706,3600437316,"ENF",08/01/2015,03/01/2020,1,"50050","Flow, in conduit or thru treatment plant","1","Effluent Gross","","",3600678123,"Q1","Quantity1",.131,"03","MGD","03","MGD",.131,"DB","DAILY AV","AVG","Average","<=",,3600838750,08/31/2016,3610876864,"Q1","Quantity1",3627603124,.0678,"03","MGD",.0678,"=",09/20/2016,,"","",,,"","","","",,"","",,"No Violation Identified"
3600178396,"TX0119407",0,3600049681,"001","EXO","External Outfall",3600061722,3600073706,3600437316,"ENF",08/01/2015,03/01/2020,1,"50050","Flow, in conduit or thru treatment plant","1","Effluent Gross","","",3600678122,"Q2","Quantity2",,"03","MGD","03","MGD",,"DD","DAILY MX","MAX","Maximum","",,3600838750,08/31/2016,3610876867,"Q2","Quantity2",3627603125,.1176,"03","MGD",.1176,"=",09/20/2016,,"","",,,"","","","",,"","",,"No Violation Identified"
3600178396,"TX0119407",0,3600049681,"001","EXO","External Outfall",3600061722,3600073706,3600437316,"ENF",08/01/2015,03/01/2020,1,"50050","Flow, in conduit or thru treatment plant","1","Effluent Gross","","",3600678122,"Q2","Quantity2",,"03","MGD","03","MGD",,"DD","DAILY MX","MAX","Maximum","",,3600838760,09/30/2016,3610877019,"Q2","Quantity2",3628828309,.0839,"03","MGD",.0839,"=",10/20/2016,,"","",,,"","","","",,"","",,"No Violation Identified"
3600178396,"TX0119407",0,3600049681,"001","EXO","External Outfall",3600061722,3600073706,3600437316,"ENF",08/01/2015,03/01/2020,1,"50050","Flow, in conduit or thru treatment plant","1","Effluent Gross","","",3600678123,"Q1","Quantity1",.131,"03","MGD","03","MGD",.131,"DB","DAILY AV","AVG","Average","<=",,3600838760,09/30/2016,3610877011,"Q1","Quantity1",3628828308,.0583,"03","MGD",.0583,"=",10/20/2016,,"","",,,"","","","",,"","",,"No Violation Identified"
3600178396,"TX0119407",0,3600049681,"001","EXO","External Outfall",3600061722,3600073706,3600437316,"ENF",08/01/2015,03/01/2020,1,"50050","Flow, in conduit or thru treatment plant","1","Effluent Gross","","",3600678123,"Q1","Quantity1",.131,"03","MGD","03","MGD",.131,"DB","DAILY AV","AVG","Average","<=",,3600838773,10/31/2016,3610877102,"Q1","Quantity1",3630384878,.0623,"03","MGD",.0623,"=",11/18/2016,,"","",,,"","","","",,"","",,"No Violation Identified"
3600178396,"TX0119407",0,3600049681,"001","EXO","External Outfall",3600061722,3600073706,3600437316,"ENF",08/01/2015,03/01/2020,1,"50050","Flow, in conduit or thru treatment plant","1","Effluent Gross","","",3600678122,"Q2","Quantity2",,"03","MGD","03","MGD",,"DD","DAILY MX","MAX","Maximum","",,3600838773,10/31/2016,3610877106,"Q2","Quantity2",3630384880,.075,"03","MGD",.075,"=",11/18/2016,,"","",,,"","","","",,"","",,"No Violation Identified"
3600178396,"TX0119407",0,3600049681,"001","EXO","External Outfall",3600061722,3600073706,3600437316,"ENF",08/01/2015,03/01/2020,1,"50050","Flow, in conduit or thru treatment plant","1","Effluent Gross","","",3600678122,"Q2","Quantity2",,"03","MGD","03","MGD",,"DD","DAILY MX","MAX","Maximum","",,3600838800,11/30/2016,3610877366,"Q2","Quantity2",3631583601,.0857,"03","MGD",.0857,"=",12/20/2016,,"","",,,"","","","",,"","",,"No Violation Identified"
3600178396,"TX0119407",0,3600049681,"001","EXO","External Outfall",3600061722,3600073706,3600437316,"ENF",08/01/2015,03/01/2020,1,"50050","Flow, in conduit or thru treatment plant","1","Effluent Gross","","",3600678123,"Q1","Quantity1",.131,"03","MGD","03","MGD",.131,"DB","DAILY AV","AVG","Average","<=",,3600838800,11/30/2016,3610877361,"Q1","Quantity1",3631583599,.0572,"03","MGD",.0572,"=",12/20/2016,,"","",,,"","","","",,"","",,"No Violation Identified"
3600178396,"TX0119407",0,3600049681,"001","EXO","External Outfall",3600061722,3600073706,3600437316,"ENF",08/01/2015,03/01/2020,1,"50050","Flow, in conduit or thru treatment plant","1","Effluent Gross","","",3600678123,"Q1","Quantity1",.131,"03","MGD","03","MGD",.131,"DB","DAILY AV","AVG","Average","<=",,3600838812,12/31/2016,3610877557,"Q1","Quantity1",3632739759,.064,"03","MGD",.064,"=",01/17/2017,,"","",,,"","","","",,"","",,"No Violation Identified"
3600178396,"TX0119407",0,3600049681,"001","EXO","External Outfall",3600061722,3600073706,3600437316,"ENF",08/01/2015,03/01/2020,1,"50050","Flow, in conduit or thru treatment plant","1","Effluent Gross","","",3600678122,"Q2","Quantity2",,"03","MGD","03","MGD",,"DD","DAILY MX","MAX","Maximum","",,3600838812,12/31/2016,3610877567,"Q2","Quantity2",3632739761,.1428,"03","MGD",.1428,"=",01/17/2017,,"","",,,"","","","",,"","",,"No Violation Identified"
3600178396,"TX0119407",0,3600049681,"001","EXO","External Outfall",3600061722,3600073706,3600437316,"ENF",08/01/2015,03/01/2020,1,"50050","Flow, in conduit or thru treatment plant","1","Effluent Gross","","",3600678122,"Q2","Quantity2",,"03","MGD","03","MGD",,"DD","DAILY MX","MAX","Maximum","",,3600838828,01/31/2017,3610877673,"Q2","Quantity2",3634771542,.0878,"03","MGD",.0878,"=",02/16/2017,,"","",,,"","","","",,"","",,"No Violation Identified"
3600178396,"TX0119407",0,3600049681,"001","EXO","External Outfall",3600061722,3600073706,3600437316,"ENF",08/01/2015,03/01/2020,1,"50050","Flow, in conduit or thru treatment plant","1","Effluent Gross","","",3600678123,"Q1","Quantity1",.131,"03","MGD","03","MGD",.131,"DB","DAILY AV","AVG","Average","<=",,3600838828,01/31/2017,3610877668,"Q1","Quantity1",3634771541,.0603,"03","MGD",.0603,"=",02/16/2017,,"","",,,"","","","",,"","",,"No Violation Identified"
3600178396,"TX0119407",0,3600049681,"001","EXO","External Outfall",3600061722,3600073706,3600437316,"ENF",08/01/2015,03/01/2020,1,"50050","Flow, in conduit or thru treatment plant","1","Effluent Gross","","",3600678123,"Q1","Quantity1",.131,"03","MGD","03","MGD",.131,"DB","DAILY AV","AVG","Average","<=",,3600838836,02/28/2017,3610877789,"Q1","Quantity1",3636031818,.0534,"03","MGD",.0534,"=",03/20/2017,,"","",,,"","","","",,"","",,"No Violation Identified"
3600178396,"TX0119407",0,3600049681,"001","EXO","External Outfall",3600061722,3600073706,3600437316,"ENF",08/01/2015,03/01/2020,1,"50050","Flow, in conduit or thru treatment plant","1","Effluent Gross","","",3600678122,"Q2","Quantity2",,"03","MGD","03","MGD",,"DD","DAILY MX","MAX","Maximum","",,3600838836,02/28/2017,3610877795,"Q2","Quantity2",3636031819,.0709,"03","MGD",.0709,"=",03/20/2017,,"","",,,"","","","",,"","",,"No Violation Identified"
3600178396,"TX0119407",0,3600049681,"001","EXO","External Outfall",3600061722,3600073706,3600437316,"ENF",08/01/2015,03/01/2020,1,"50050","Flow, in conduit or thru treatment plant","1","Effluent Gross","","",3600678122,"Q2","Quantity2",,"03","MGD","03","MGD",,"DD","DAILY MX","MAX","Maximum","",,3600838845,03/31/2017,3610877885,"Q2","Quantity2",3637452693,.0779,"03","MGD",.0779,"=",04/17/2017,,"","",,,"","","","",,"","",,"No Violation Identified"
3600178396,"TX0119407",0,3600049681,"001","EXO","External Outfall",3600061722,3600073706,3600437316,"ENF",08/01/2015,03/01/2020,1,"50050","Flow, in conduit or thru treatment plant","1","Effluent Gross","","",3600678123,"Q1","Quantity1",.131,"03","MGD","03","MGD",.131,"DB","DAILY AV","AVG","Average","<=",,3600838845,03/31/2017,3610877880,"Q1","Quantity1",3637452692,.0513,"03","MGD",.0513,"=",04/17/2017,,"","",,,"","","","",,"","",,"No Violation Identified"
3600178396,"TX0119407",0,3600049681,"001","EXO","External Outfall",3600061722,3600073706,3600437316,"ENF",08/01/2015,03/01/2020,1,"50050","Flow, in conduit or thru treatment plant","1","Effluent Gross","","",3600678123,"Q1","Quantity1",.131,"03","MGD","03","MGD",.131,"DB","DAILY AV","AVG","Average","<=",,3600838854,04/30/2017,3610877999,"Q1","Quantity1",3639062095,.0499,"03","MGD",.0499,"=",05/15/2017,,"","",,,"","","","",,"","",,"No Violation Identified"
3600178396,"TX0119407",0,3600049681,"001","EXO","External Outfall",3600061722,3600073706,3600437316,"ENF",08/01/2015,03/01/2020,1,"50050","Flow, in conduit or thru treatment plant","1","Effluent Gross","","",3600678122,"Q2","Quantity2",,"03","MGD","03","MGD",,"DD","DAILY MX","MAX","Maximum","",,3600838854,04/30/2017,3610878004,"Q2","Quantity2",3639062096,70.881,"03","MGD",70.881,"=",05/15/2017,,"","",,,"","","","",,"","",,"No Violation Identified"
3600178396,"TX0119407",0,3600049681,"001","EXO","External Outfall",3600061722,3600073706,3600437316,"ENF",08/01/2015,03/01/2020,1,"50050","Flow, in conduit or thru treatment plant","1","Effluent Gross","","",3600678122,"Q2","Quantity2",,"03","MGD","03","MGD",,"DD","DAILY MX","MAX","Maximum","",,3600838863,05/31/2017,3610878109,"Q2","Quantity2",3641504047,.0878,"03","MGD",.0878,"=",06/19/2017,,"","",,,"","","","",,"","",,"No Violation Identified"
3600178396,"TX0119407",0,3600049681,"001","EXO","External Outfall",3600061722,3600073706,3600437316,"ENF",08/01/2015,03/01/2020,1,"50050","Flow, in conduit or thru treatment plant","1","Effluent Gross","","",3600678123,"Q1","Quantity1",.131,"03","MGD","03","MGD",.131,"DB","DAILY AV","AVG","Average","<=",,3600838863,05/31/2017,3610878104,"Q1","Quantity1",3641504046,.0603,"03","MGD",.0603,"=",06/19/2017,,"","",,,"","","","",,"","",,"No Violation Identified"
3600178396,"TX0119407",0,3600049681,"001","EXO","External Outfall",3600061722,3600073706,3600437316,"ENF",08/01/2015,03/01/2020,1,"50050","Flow, in conduit or thru treatment plant","1","Effluent Gross","","",3600678123,"Q1","Quantity1",.131,"03","MGD","03","MGD",.131,"DB","DAILY AV","AVG","Average","<=",,3601380408,06/30/2017,3618540399,"Q1","Quantity1",3642739816,.0494,"03","MGD",.0494,"=",07/13/2017,,"","",,,"","","","",,"","",,"No Violation Identified"
3600178396,"TX0119407",0,3600049681,"001","EXO","External Outfall",3600061722,3600073706,3600437316,"ENF",08/01/2015,03/01/2020,1,"50050","Flow, in conduit or thru treatment plant","1","Effluent Gross","","",3600678122,"Q2","Quantity2",,"03","MGD","03","MGD",,"DD","DAILY MX","MAX","Maximum","",,3601380408,06/30/2017,3618540400,"Q2","Quantity2",3642739817,.0709,"03","MGD",.0709,"=",07/13/2017,,"","",,,"","","","",,"","",,"No Violation Identified"
3600178396,"TX0119407",0,3600049681,"001","EXO","External Outfall",3600061722,3600073706,3600437316,"ENF",08/01/2015,03/01/2020,1,"50050","Flow, in conduit or thru treatment plant","1","Effluent Gross","","",3600678122,"Q2","Quantity2",,"03","MGD","03","MGD",,"DD","DAILY MX","MAX","Maximum","",,3601380409,07/31/2017,3618540418,"Q2","Quantity2",3644982011,.0721,"03","MGD",.0721,"=",08/15/2017,,"","",,,"","","","",,"","",,"No Violation Identified"
3600178396,"TX0119407",0,3600049681,"001","EXO","External Outfall",3600061722,3600073706,3600437316,"ENF",08/01/2015,03/01/2020,1,"50050","Flow, in conduit or thru treatment plant","1","Effluent Gross","","",3600678123,"Q1","Quantity1",.131,"03","MGD","03","MGD",.131,"DB","DAILY AV","AVG","Average","<=",,3601380409,07/31/2017,3618540417,"Q1","Quantity1",3644982010,.0492,"03","MGD",.0492,"=",08/15/2017,,"","",,,"","","","",,"","",,"No Violation Identified"
3600178396,"TX0119407",0,3600049681,"001","EXO","External Outfall",3600061722,3600073706,3600437316,"ENF",08/01/2015,03/01/2020,1,"50050","Flow, in conduit or thru treatment plant","1","Effluent Gross","","",3600678123,"Q1","Quantity1",.131,"03","MGD","03","MGD",.131,"DB","DAILY AV","AVG","Average","<=",,3601380410,08/31/2017,3618540435,"Q1","Quantity1",3646508935,.0511,"03","MGD",.0511,"=",09/19/2017,,"","",,,"","","","",,"","",,"No Violation Identified"
3600178396,"TX0119407",0,3600049681,"001","EXO","External Outfall",3600061722,3600073706,3600437316,"ENF",08/01/2015,03/01/2020,1,"50050","Flow, in conduit or thru treatment plant","1","Effluent Gross","","",3600678122,"Q2","Quantity2",,"03","MGD","03","MGD",,"DD","DAILY MX","MAX","Maximum","",,3601380410,08/31/2017,3618540436,"Q2","Quantity2",3646508936,.0722,"03","MGD",.0722,"=",09/19/2017,,"","",,,"","","","",,"","",,"No Violation Identified"
3600178396,"TX0119407",0,3600049681,"001","EXO","External Outfall",3600061722,3600073706,3600437316,"ENF",08/01/2015,03/01/2020,1,"50050","Flow, in conduit or thru treatment plant","1","Effluent Gross","","",3600678122,"Q2","Quantity2",,"03","MGD","03","MGD",,"DD","DAILY MX","MAX","Maximum","",,3601380411,09/30/2017,3618540454,"Q2","Quantity2",3653225984,.0994,"03","MGD",.0994,"=",02/07/2018,110,"","",,3631136136,"D80","DMR, Monitor Only - Overdue","K","Non-receipt Violation, Non-Monthly Average",11/20/2017,"2","RE - Back into Compliance",02/07/2018,"DMR Non-Receipt Reporting Violation"
3600178396,"TX0119407",0,3600049681,"001","EXO","External Outfall",3600061722,3600073706,3600437316,"ENF",08/01/2015,03/01/2020,1,"50050","Flow, in conduit or thru treatment plant","1","Effluent Gross","","",3600678123,"Q1","Quantity1",.131,"03","MGD","03","MGD",.131,"DB","DAILY AV","AVG","Average","<=",,3601380411,09/30/2017,3618540453,"Q1","Quantity1",3653225983,.06,"03","MGD",.06,"=",02/07/2018,110,"","",,3631136094,"D90","DMR, Limited - Overdue","N","Non-Receipt of DMR/Schedule Report",11/20/2017,"2","RE - Back into Compliance",02/07/2018,"DMR Non-Receipt Reporting Violation"
3600178396,"TX0119407",0,3600049681,"001","EXO","External Outfall",3600061722,3600073706,3600437316,"ENF",08/01/2015,03/01/2020,1,"50050","Flow, in conduit or thru treatment plant","1","Effluent Gross","","",3600678123,"Q1","Quantity1",.131,"03","MGD","03","MGD",.131,"DB","DAILY AV","AVG","Average","<=",,3601380412,10/31/2017,3618540471,"Q1","Quantity1",3649723774,.0557,"03","MGD",.0557,"=",11/21/2017,1,"","",,,"","","","",,"","",,"No Violation Identified"
3600178396,"TX0119407",0,3600049681,"001","EXO","External Outfall",3600061722,3600073706,3600437316,"ENF",08/01/2015,03/01/2020,1,"50050","Flow, in conduit or thru treatment plant","1","Effluent Gross","","",3600678122,"Q2","Quantity2",,"03","MGD","03","MGD",,"DD","DAILY MX","MAX","Maximum","",,3601380412,10/31/2017,3618540472,"Q2","Quantity2",3649723775,.0923,"03","MGD",.0923,"=",11/21/2017,1,"","",,,"","","","",,"","",,"No Violation Identified"
3600178396,"TX0119407",0,3600049681,"001","EXO","External Outfall",3600061722,3600073706,3600437316,"ENF",08/01/2015,03/01/2020,1,"50050","Flow, in conduit or thru treatment plant","1","Effluent Gross","","",3600678122,"Q2","Quantity2",,"03","MGD","03","MGD",,"DD","DAILY MX","MAX","Maximum","",,3601380413,11/30/2017,3618540490,"Q2","Quantity2",3650650076,.0763,"03","MGD",.0763,"=",12/15/2017,,"","",,,"","","","",,"","",,"No Violation Identified"
3600178396,"TX0119407",0,3600049681,"001","EXO","External Outfall",3600061722,3600073706,3600437316,"ENF",08/01/2015,03/01/2020,1,"50050","Flow, in conduit or thru treatment plant","1","Effluent Gross","","",3600678123,"Q1","Quantity1",.131,"03","MGD","03","MGD",.131,"DB","DAILY AV","AVG","Average","<=",,3601380413,11/30/2017,3618540489,"Q1","Quantity1",3650650075,.0544,"03","MGD",.0544,"=",12/15/2017,,"","",,,"","","","",,"","",,"No Violation Identified"
3600178396,"TX0119407",0,3600049681,"001","EXO","External Outfall",3600061722,3600073706,3600437316,"ENF",08/01/2015,03/01/2020,1,"50050","Flow, in conduit or thru treatment plant","1","Effluent Gross","","",3600678123,"Q1","Quantity1",.131,"03","MGD","03","MGD",.131,"DB","DAILY AV","AVG","Average","<=",,3601380414,12/31/2017,3618540507,"Q1","Quantity1",3651857696,.0558,"03","MGD",.0558,"=",01/16/2018,,"","",,,"","","","",,"","",,"No Violation Identified"
3600178396,"TX0119407",0,3600049681,"001","EXO","External Outfall",3600061722,3600073706,3600437316,"ENF",08/01/2015,03/01/2020,1,"50050","Flow, in conduit or thru treatment plant","1","Effluent Gross","","",3600678122,"Q2","Quantity2",,"03","MGD","03","MGD",,"DD","DAILY MX","MAX","Maximum","",,3601380414,12/31/2017,3618540508,"Q2","Quantity2",3651857697,.084,"03","MGD",.084,"=",01/16/2018,,"","",,,"","","","",,"","",,"No Violation Identified"
3600178396,"TX0119407",0,3600049681,"001","EXO","External Outfall",3600061722,3600073706,3600437316,"ENF",08/01/2015,03/01/2020,1,"50050","Flow, in conduit or thru treatment plant","1","Effluent Gross","","",3600678122,"Q2","Quantity2",,"03","MGD","03","MGD",,"DD","DAILY MX","MAX","Maximum","",,3601380415,01/31/2018,3618540526,"Q2","Quantity2",3653653761,.0538,"03","MGD",.0538,"=",02/19/2018,34,"","",,,"","","","",,"","",,"No Violation Identified"
3600178396,"TX0119407",0,3600049681,"001","EXO","External Outfall",3600061722,3600073706,3600437316,"ENF",08/01/2015,03/01/2020,1,"50050","Flow, in conduit or thru treatment plant","1","Effluent Gross","","",3600678123,"Q1","Quantity1",.131,"03","MGD","03","MGD",.131,"DB","DAILY AV","AVG","Average","<=",,3601380415,01/31/2018,3618540525,"Q1","Quantity1",3653653760,.0538,"03","MGD",.0538,"=",02/19/2018,34,"","",,,"","","","",,"","",,"No Violation Identified"
3600178396,"TX0119407",0,3600049681,"001","EXO","External Outfall",3600061722,3600073706,3600437316,"ENF",08/01/2015,03/01/2020,1,"50050","Flow, in conduit or thru treatment plant","1","Effluent Gross","","",3600678123,"Q1","Quantity1",.131,"03","MGD","03","MGD",.131,"DB","DAILY AV","AVG","Average","<=",,3601380416,02/28/2018,3618540543,"Q1","Quantity1",3662543719,.0502,"03","MGD",.0502,"=",04/17/2018,28,"","",,,"","","","",,"","",,"No Violation Identified"
3600178396,"TX0119407",0,3600049681,"001","EXO","External Outfall",3600061722,3600073706,3600437316,"ENF",08/01/2015,03/01/2020,1,"50050","Flow, in conduit or thru treatment plant","1","Effluent Gross","","",3600678122,"Q2","Quantity2",,"03","MGD","03","MGD",,"DD","DAILY MX","MAX","Maximum","",,3601380416,02/28/2018,3618540544,"Q2","Quantity2",3662543720,.108,"03","MGD",.108,"=",04/17/2018,28,"","",,,"","","","",,"","",,"No Violation Identified"
3600178396,"TX0119407",0,3600049681,"001","EXO","External Outfall",3600061722,3600073706,3600437316,"ENF",08/01/2015,03/01/2020,1,"50050","Flow, in conduit or thru treatment plant","1","Effluent Gross","","",3600678122,"Q2","Quantity2",,"03","MGD","03","MGD",,"DD","DAILY MX","MAX","Maximum","",,3601380417,03/31/2018,3618540562,"Q2","Quantity2",3662543762,.0756,"03","MGD",.0756,"=",04/17/2018,,"","",,,"","","","",,"","",,"No Violation Identified"
3600178396,"TX0119407",0,3600049681,"001","EXO","External Outfall",3600061722,3600073706,3600437316,"ENF",08/01/2015,03/01/2020,1,"50050","Flow, in conduit or thru treatment plant","1","Effluent Gross","","",3600678123,"Q1","Quantity1",.131,"03","MGD","03","MGD",.131,"DB","DAILY AV","AVG","Average","<=",,3601380417,03/31/2018,3618540561,"Q1","Quantity1",3662543761,.0467,"03","MGD",.0467,"=",04/17/2018,,"","",,,"","","","",,"","",,"No Violation Identified"
3600178396,"TX0119407",0,3600049681,"001","EXO","External Outfall",3600061722,3600073706,3600437316,"ENF",08/01/2015,03/01/2020,1,"50050","Flow, in conduit or thru treatment plant","1","Effluent Gross","","",3600678123,"Q1","Quantity1",.131,"03","MGD","03","MGD",.131,"DB","DAILY AV","AVG","Average","<=",,3601380418,04/30/2018,3618540579,"Q1","Quantity1",3667289417,.0523,"03","MGD",.0523,"=",05/17/2018,,"","",,,"","","","",,"","",,"No Violation Identified"
3600178396,"TX0119407",0,3600049681,"001","EXO","External Outfall",3600061722,3600073706,3600437316,"ENF",08/01/2015,03/01/2020,1,"50050","Flow, in conduit or thru treatment plant","1","Effluent Gross","","",3600678122,"Q2","Quantity2",,"03","MGD","03","MGD",,"DD","DAILY MX","MAX","Maximum","",,3601380418,04/30/2018,3618540580,"Q2","Quantity2",3667289418,.089,"03","MGD",.089,"=",05/17/2018,,"","",,,"","","","",,"","",,"No Violation Identified"
3600178396,"TX0119407",0,3600049681,"001","EXO","External Outfall",3600061722,3600073706,3600437316,"ENF",08/01/2015,03/01/2020,1,"50050","Flow, in conduit or thru treatment plant","1","Effluent Gross","","",3600678122,"Q2","Quantity2",,"03","MGD","03","MGD",,"DD","DAILY MX","MAX","Maximum","",,3601380419,05/31/2018,3618540598,"Q2","Quantity2",3669642407,.1059,"03","MGD",.1059,"=",06/19/2018,,"","",,,"","","","",,"","",,"No Violation Identified"
3600178396,"TX0119407",0,3600049681,"001","EXO","External Outfall",3600061722,3600073706,3600437316,"ENF",08/01/2015,03/01/2020,1,"50050","Flow, in conduit or thru treatment plant","1","Effluent Gross","","",3600678123,"Q1","Quantity1",.131,"03","MGD","03","MGD",.131,"DB","DAILY AV","AVG","Average","<=",,3601380419,05/31/2018,3618540597,"Q1","Quantity1",3669642404,.0503,"03","MGD",.0503,"=",06/19/2018,,"","",,,"","","","",,"","",,"No Violation Identified"
3600178396,"TX0119407",0,3600049681,"001","EXO","External Outfall",3600061722,3600073706,3600437316,"ENF",08/01/2015,03/01/2020,1,"50050","Flow, in conduit or thru treatment plant","1","Effluent Gross","","",3600678123,"Q1","Quantity1",.131,"03","MGD","03","MGD",.131,"DB","DAILY AV","AVG","Average","<=",,3601380420,06/30/2018,3618540615,"Q1","Quantity1",3670879559,.0651,"03","MGD",.0651,"=",07/16/2018,,"","",,,"","","","",,"","",,"No Violation Identified"
3600178396,"TX0119407",0,3600049681,"001","EXO","External Outfall",3600061722,3600073706,3600437316,"ENF",08/01/2015,03/01/2020,1,"50050","Flow, in conduit or thru treatment plant","1","Effluent Gross","","",3600678122,"Q2","Quantity2",,"03","MGD","03","MGD",,"DD","DAILY MX","MAX","Maximum","",,3601380420,06/30/2018,3618540616,"Q2","Quantity2",3670879560,.3805,"03","MGD",.3805,"=",07/16/2018,,"","",,,"","","","",,"","",,"No Violation Identified"
3600178396,"TX0119407",0,3600049681,"001","EXO","External Outfall",3600061722,3600073706,3600437316,"ENF",08/01/2015,03/01/2020,1,"50050","Flow, in conduit or thru treatment plant","1","Effluent Gross","","",3600678122,"Q2","Quantity2",,"03","MGD","03","MGD",,"DD","DAILY MX","MAX","Maximum","",,3601380421,07/31/2018,3618540634,"Q2","Quantity2",3672659850,.1199,"03","MGD",.1199,"=",08/14/2018,,"","",,,"","","","",,"","",,"No Violation Identified"
3600178396,"TX0119407",0,3600049681,"001","EXO","External Outfall",3600061722,3600073706,3600437316,"ENF",08/01/2015,03/01/2020,1,"50050","Flow, in conduit or thru treatment plant","1","Effluent Gross","","",3600678123,"Q1","Quantity1",.131,"03","MGD","03","MGD",.131,"DB","DAILY AV","AVG","Average","<=",,3601380421,07/31/2018,3618540633,"Q1","Quantity1",3672659849,.0683,"03","MGD",.0683,"=",08/14/2018,,"","",,,"","","","",,"","",,"No Violation Identified"
3600178396,"TX0119407",0,3600049681,"001","EXO","External Outfall",3600061722,3600073706,3600437316,"ENF",08/01/2015,03/01/2020,1,"50050","Flow, in conduit or thru treatment plant","1","Effluent Gross","","",3600678123,"Q1","Quantity1",.131,"03","MGD","03","MGD",.131,"DB","DAILY AV","AVG","Average","<=",,3601380422,08/31/2018,3618540651,"Q1","Quantity1",3674787364,.0528,"03","MGD",.0528,"=",09/12/2018,,"","",,,"","","","",,"","",,"No Violation Identified"
3600178396,"TX0119407",0,3600049681,"001","EXO","External Outfall",3600061722,3600073706,3600437316,"ENF",08/01/2015,03/01/2020,1,"50050","Flow, in conduit or thru treatment plant","1","Effluent Gross","","",3600678122,"Q2","Quantity2",,"03","MGD","03","MGD",,"DD","DAILY MX","MAX","Maximum","",,3601380422,08/31/2018,3618540652,"Q2","Quantity2",3674787366,.0871,"03","MGD",.0871,"=",09/12/2018,,"","",,,"","","","",,"","",,"No Violation Identified"
3600178396,"TX0119407",0,3600049681,"001","EXO","External Outfall",3600061722,3600073706,3600437316,"ENF",08/01/2015,03/01/2020,1,"50050","Flow, in conduit or thru treatment plant","1","Effluent Gross","","",3600678122,"Q2","Quantity2",,"03","MGD","03","MGD",,"DD","DAILY MX","MAX","Maximum","",,3601380423,09/30/2018,3618540670,"Q2","Quantity2",3676037211,.2011,"03","MGD",.2011,"=",10/10/2018,,"","",,,"","","","",,"","",,"No Violation Identified"
3600178396,"TX0119407",0,3600049681,"001","EXO","External Outfall",3600061722,3600073706,3600437316,"ENF",08/01/2015,03/01/2020,1,"50050","Flow, in conduit or thru treatment plant","1","Effluent Gross","","",3600678123,"Q1","Quantity1",.131,"03","MGD","03","MGD",.131,"DB","DAILY AV","AVG","Average","<=",,3601380423,09/30/2018,3618540669,"Q1","Quantity1",3676037210,.0678,"03","MGD",.0678,"=",10/10/2018,,"","",,,"","","","",,"","",,"No Violation Identified"
3600178396,"TX0119407",0,3600049681,"001","EXO","External Outfall",3600061722,3600073706,3600437316,"ENF",08/01/2015,03/01/2020,1,"50050","Flow, in conduit or thru treatment plant","1","Effluent Gross","","",3600678123,"Q1","Quantity1",.131,"03","MGD","03","MGD",.131,"DB","DAILY AV","AVG","Average","<=",,3601380424,10/31/2018,3618540687,"Q1","Quantity1",3678656497,.093,"03","MGD",.093,"=",11/13/2018,,"","",,,"","","","",,"","",,"No Violation Identified"
3600178396,"TX0119407",0,3600049681,"001","EXO","External Outfall",3600061722,3600073706,3600437316,"ENF",08/01/2015,03/01/2020,1,"50050","Flow, in conduit or thru treatment plant","1","Effluent Gross","","",3600678122,"Q2","Quantity2",,"03","MGD","03","MGD",,"DD","DAILY MX","MAX","Maximum","",,3601380424,10/31/2018,3618540688,"Q2","Quantity2",3678656498,341675,"03","MGD",341675,"=",11/13/2018,,"","",,,"","","","",,"","",,"No Violation Identified"
3600178396,"TX0119407",0,3600049681,"001","EXO","External Outfall",3600061722,3600073706,3600437316,"ENF",08/01/2015,03/01/2020,1,"50050","Flow, in conduit or thru treatment plant","1","Effluent Gross","","",3600678122,"Q2","Quantity2",,"03","MGD","03","MGD",,"DD","DAILY MX","MAX","Maximum","",,3601380425,11/30/2018,3618540706,"Q2","Quantity2",3680590095,.0652,"03","MGD",.0652,"=",12/13/2018,,"","",,,"","","","",,"","",,"No Violation Identified"
3600178396,"TX0119407",0,3600049681,"001","EXO","External Outfall",3600061722,3600073706,3600437316,"ENF",08/01/2015,03/01/2020,1,"50050","Flow, in conduit or thru treatment plant","1","Effluent Gross","","",3600678123,"Q1","Quantity1",.131,"03","MGD","03","MGD",.131,"DB","DAILY AV","AVG","Average","<=",,3601380425,11/30/2018,3618540705,"Q1","Quantity1",3680590094,.0506,"03","MGD",.0506,"=",12/13/2018,,"","",,,"","","","",,"","",,"No Violation Identified"
3600178396,"TX0119407",0,3600049681,"001","EXO","External Outfall",3600061722,3600073706,3600437316,"ENF",08/01/2015,03/01/2020,1,"50050","Flow, in conduit or thru treatment plant","1","Effluent Gross","","",3600678123,"Q1","Quantity1",.131,"03","MGD","03","MGD",.131,"DB","DAILY AV","AVG","Average","<=",,3601380426,12/31/2018,3618540723,"Q1","Quantity1",3681532918,.0694,"03","MGD",.0694,"=",01/08/2019,,"","",,,"","","","",,"","",,"No Violation Identified"
3600178396,"TX0119407",0,3600049681,"001","EXO","External Outfall",3600061722,3600073706,3600437316,"ENF",08/01/2015,03/01/2020,1,"50050","Flow, in conduit or thru treatment plant","1","Effluent Gross","","",3600678122,"Q2","Quantity2",,"03","MGD","03","MGD",,"DD","DAILY MX","MAX","Maximum","",,3601380426,12/31/2018,3618540724,"Q2","Quantity2",3681532919,.3537,"03","MGD",.3537,"=",01/08/2019,,"","",,,"","","","",,"","",,"No Violation Identified"
3600178396,"TX0119407",0,3600049681,"001","EXO","External Outfall",3600061722,3600073706,3600437316,"ENF",08/01/2015,03/01/2020,1,"50050","Flow, in conduit or thru treatment plant","1","Effluent Gross","","",3600678122,"Q2","Quantity2",,"03","MGD","03","MGD",,"DD","DAILY MX","MAX","Maximum","",,3601380427,01/31/2019,3618540742,"Q2","Quantity2",3684124201,.058,"03","MGD",.058,"=",02/12/2019,,"","",,,"","","","",,"","",,"No Violation Identified"
3600178396,"TX0119407",0,3600049681,"001","EXO","External Outfall",3600061722,3600073706,3600437316,"ENF",08/01/2015,03/01/2020,1,"50050","Flow, in conduit or thru treatment plant","1","Effluent Gross","","",3600678123,"Q1","Quantity1",.131,"03","MGD","03","MGD",.131,"DB","DAILY AV","AVG","Average","<=",,3601380427,01/31/2019,3618540741,"Q1","Quantity1",3684124200,.0492,"03","MGD",.0492,"=",02/12/2019,,"","",,,"","","","",,"","",,"No Violation Identified"
3600178396,"TX0119407",0,3600049681,"001","EXO","External Outfall",3600061722,3600073706,3600437316,"ENF",08/01/2015,03/01/2020,1,"50050","Flow, in conduit or thru treatment plant","1","Effluent Gross","","",3600678123,"Q1","Quantity1",.131,"03","MGD","03","MGD",.131,"DB","DAILY AV","AVG","Average","<=",,3601380428,02/28/2019,3618540759,"Q1","Quantity1",3685535374,.0477,"03","MGD",.0477,"=",03/12/2019,,"","",,,"","","","",,"","",,"No Violation Identified"
3600178396,"TX0119407",0,3600049681,"001","EXO","External Outfall",3600061722,3600073706,3600437316,"ENF",08/01/2015,03/01/2020,1,"50050","Flow, in conduit or thru treatment plant","1","Effluent Gross","","",3600678122,"Q2","Quantity2",,"03","MGD","03","MGD",,"DD","DAILY MX","MAX","Maximum","",,3601380428,02/28/2019,3618540760,"Q2","Quantity2",3685535375,.0584,"03","MGD",.0584,"=",03/12/2019,,"","",,,"","","","",,"","",,"No Violation Identified"
3600178396,"TX0119407",0,3600049681,"001","EXO","External Outfall",3600061722,3600073706,3600437316,"ENF",08/01/2015,03/01/2020,1,"50050","Flow, in conduit or thru treatment plant","1","Effluent Gross","","",3600678122,"Q2","Quantity2",,"03","MGD","03","MGD",,"DD","DAILY MX","MAX","Maximum","",,3601380429,03/31/2019,3618540778,"Q2","Quantity2",3687608013,.0798,"03","MGD",.0798,"=",04/09/2019,,"","",,,"","","","",,"","",,"No Violation Identified"
3600178396,"TX0119407",0,3600049681,"001","EXO","External Outfall",3600061722,3600073706,3600437316,"ENF",08/01/2015,03/01/2020,1,"50050","Flow, in conduit or thru treatment plant","1","Effluent Gross","","",3600678123,"Q1","Quantity1",.131,"03","MGD","03","MGD",.131,"DB","DAILY AV","AVG","Average","<=",,3601380429,03/31/2019,3618540777,"Q1","Quantity1",3687608012,.0483,"03","MGD",.0483,"=",04/09/2019,,"","",,,"","","","",,"","",,"No Violation Identified"
3600178396,"TX0119407",0,3600049681,"001","EXO","External Outfall",3600061722,3600073706,3600437316,"ENF",08/01/2015,03/01/2020,1,"50050","Flow, in conduit or thru treatment plant","1","Effluent Gross","","",3600678123,"Q1","Quantity1",.131,"03","MGD","03","MGD",.131,"DB","DAILY AV","AVG","Average","<=",,3601380430,04/30/2019,3618540795,"Q1","Quantity1",3690568850,.0528,"03","MGD",.0528,"=",05/16/2019,,"","",,,"","","","",,"","",,"No Violation Identified"
3600178396,"TX0119407",0,3600049681,"001","EXO","External Outfall",3600061722,3600073706,3600437316,"ENF",08/01/2015,03/01/2020,1,"50050","Flow, in conduit or thru treatment plant","1","Effluent Gross","","",3600678122,"Q2","Quantity2",,"03","MGD","03","MGD",,"DD","DAILY MX","MAX","Maximum","",,3601380430,04/30/2019,3618540796,"Q2","Quantity2",3690568851,.1092,"03","MGD",.1092,"=",05/16/2019,,"","",,,"","","","",,"","",,"No Violation Identified"
3600178396,"TX0119407",0,3600049681,"001","EXO","External Outfall",3600061722,3600073706,3600437316,"ENF",08/01/2015,03/01/2020,1,"50050","Flow, in conduit or thru treatment plant","1","Effluent Gross","","",3600678122,"Q2","Quantity2",,"03","MGD","03","MGD",,"DD","DAILY MX","MAX","Maximum","",,3601380431,05/31/2019,3618540814,"Q2","Quantity2",3691676218,.1747,"03","MGD",.1747,"=",06/12/2019,,"","",,,"","","","",,"","",,"No Violation Identified"
3600178396,"TX0119407",0,3600049681,"001","EXO","External Outfall",3600061722,3600073706,3600437316,"ENF",08/01/2015,03/01/2020,1,"50050","Flow, in conduit or thru treatment plant","1","Effluent Gross","","",3600678123,"Q1","Quantity1",.131,"03","MGD","03","MGD",.131,"DB","DAILY AV","AVG","Average","<=",,3601380431,05/31/2019,3618540813,"Q1","Quantity1",3691676217,.0577,"03","MGD",.0577,"=",06/12/2019,,"","",,,"","","","",,"","",,"No Violation Identified"
3600178396,"TX0119407",0,3600049681,"001","EXO","External Outfall",3600061722,3600073706,3600437316,"ENF",08/01/2015,03/01/2020,1,"50050","Flow, in conduit or thru treatment plant","1","Effluent Gross","","",3600678123,"Q1","Quantity1",.131,"03","MGD","03","MGD",.131,"DB","DAILY AV","AVG","Average","<=",,3601380432,06/30/2019,3618540831,"Q1","Quantity1",3692688292,.0511,"03","MGD",.0511,"=",07/09/2019,,"","",,,"","","","",,"","",,"No Violation Identified"
3600178396,"TX0119407",0,3600049681,"001","EXO","External Outfall",3600061722,3600073706,3600437316,"ENF",08/01/2015,03/01/2020,1,"50050","Flow, in conduit or thru treatment plant","1","Effluent Gross","","",3600678122,"Q2","Quantity2",,"03","MGD","03","MGD",,"DD","DAILY MX","MAX","Maximum","",,3601380432,06/30/2019,3618540832,"Q2","Quantity2",3692688297,.1233,"03","MGD",.1233,"=",07/09/2019,,"","",,,"","","","",,"","",,"No Violation Identified"
3600178396,"TX0119407",0,3600049681,"001","EXO","External Outfall",3600061722,3600073706,3600437316,"ENF",08/01/2015,03/01/2020,1,"50050","Flow, in conduit or thru treatment plant","1","Effluent Gross","","",3600678122,"Q2","Quantity2",,"03","MGD","03","MGD",,"DD","DAILY MX","MAX","Maximum","",,3601380433,07/31/2019,3618540850,"Q2","Quantity2",3695693051,.1501,"03","MGD",.1501,"=",08/15/2019,,"","",,,"","","","",,"","",,"No Violation Identified"
3600178396,"TX0119407",0,3600049681,"001","EXO","External Outfall",3600061722,3600073706,3600437316,"ENF",08/01/2015,03/01/2020,1,"50050","Flow, in conduit or thru treatment plant","1","Effluent Gross","","",3600678123,"Q1","Quantity1",.131,"03","MGD","03","MGD",.131,"DB","DAILY AV","AVG","Average","<=",,3601380433,07/31/2019,3618540849,"Q1","Quantity1",3695693050,.0516,"03","MGD",.0516,"=",08/15/2019,,"","",,,"","","","",,"","",,"No Violation Identified"
3600178396,"TX0119407",0,3600049681,"001","EXO","External Outfall",3600061722,3600073706,3600437316,"ENF",08/01/2015,03/01/2020,1,"50050","Flow, in conduit or thru treatment plant","1","Effluent Gross","","",3600678123,"Q1","Quantity1",.131,"03","MGD","03","MGD",.131,"DB","DAILY AV","AVG","Average","<=",,3601380434,08/31/2019,3618540867,"Q1","Quantity1",3696760247,.094,"03","MGD",.094,"=",09/11/2019,,"","",,,"","","","",,"","",,"No Violation Identified"
3600178396,"TX0119407",0,3600049681,"001","EXO","External Outfall",3600061722,3600073706,3600437316,"ENF",08/01/2015,03/01/2020,1,"50050","Flow, in conduit or thru treatment plant","1","Effluent Gross","","",3600678122,"Q2","Quantity2",,"03","MGD","03","MGD",,"DD","DAILY MX","MAX","Maximum","",,3601380434,08/31/2019,3618540868,"Q2","Quantity2",3696760248,.1252,"03","MGD",.1252,"=",09/11/2019,,"","",,,"","","","",,"","",,"No Violation Identified"
3600178396,"TX0119407",0,3600049681,"001","EXO","External Outfall",3600061722,3600073706,3600437316,"ENF",08/01/2015,03/01/2020,1,"50050","Flow, in conduit or thru treatment plant","1","Effluent Gross","","",3600678122,"Q2","Quantity2",,"03","MGD","03","MGD",,"DD","DAILY MX","MAX","Maximum","",,3601380435,09/30/2019,3618540886,"Q2","Quantity2",3698147776,.1151,"03","MGD",.1151,"=",10/10/2019,,"","",,,"","","","",,"","",,"No Violation Identified"
3600178396,"TX0119407",0,3600049681,"001","EXO","External Outfall",3600061722,3600073706,3600437316,"ENF",08/01/2015,03/01/2020,1,"50050","Flow, in conduit or thru treatment plant","1","Effluent Gross","","",3600678123,"Q1","Quantity1",.131,"03","MGD","03","MGD",.131,"DB","DAILY AV","AVG","Average","<=",,3601380435,09/30/2019,3618540885,"Q1","Quantity1",3698147773,.0575,"03","MGD",.0575,"=",10/10/2019,,"","",,,"","","","",,"","",,"No Violation Identified"
3600178396,"TX0119407",0,3600049681,"001","EXO","External Outfall",3600061722,3600073706,3600437316,"ENF",08/01/2015,03/01/2020,1,"50050","Flow, in conduit or thru treatment plant","1","Effluent Gross","","",3600678123,"Q1","Quantity1",.131,"03","MGD","03","MGD",.131,"DB","DAILY AV","AVG","Average","<=",,3601380436,10/31/2019,3618540903,"Q1","Quantity1",3700039682,.054,"03","MGD",.054,"=",11/13/2019,,"","",,,"","","","",,"","",,"No Violation Identified"
3600178396,"TX0119407",0,3600049681,"001","EXO","External Outfall",3600061722,3600073706,3600437316,"ENF",08/01/2015,03/01/2020,1,"50050","Flow, in conduit or thru treatment plant","1","Effluent Gross","","",3600678122,"Q2","Quantity2",,"03","MGD","03","MGD",,"DD","DAILY MX","MAX","Maximum","",,3601380436,10/31/2019,3618540904,"Q2","Quantity2",3700039683,.0729,"03","MGD",.0729,"=",11/13/2019,,"","",,,"","","","",,"","",,"No Violation Identified"
