activity_id,npdes_id,version_nmbr,perm_feature_id,perm_feature_nmbr,perm_feature_type_code,perm_feature_type_desc,limit_set_id,limit_set_schedule_id,limit_id,limit_season_id,limit_type_code,limit_begin_date,limit_end_date,nmbr_of_submission,parameter_code,parameter_desc,monitoring_location_code,monitoring_location_desc,stay_type_code,stay_type_desc,limit_value_id,limit_value_type_code,limit_value_type_desc,limit_value_nmbr,limit_unit_code,limit_unit_desc,standard_unit_code,standard_unit_desc,limit_value_standard_units,statistical_base_code,statistical_base_short_desc,statistical_base_type_code,statistical_base_type_desc,limit_value_qualifier_code,stay_value_nmbr,dmr_event_id,monitoring_period_end_date,dmr_form_value_id,value_type_code,value_type_desc,dmr_value_id,dmr_value_nmbr,dmr_unit_code,dmr_unit_desc,dmr_value_standard_units,dmr_value_qualifier_code,value_received_date,days_late,nodi_code,nodi_desc,exceedence_pct,npdes_violation_id,violation_code,violation_desc,rnc_detection_code,rnc_detection_desc,rnc_detection_date,rnc_resolution_code,rnc_resolution_desc,rnc_resolution_date,violation_severity,dmr_due_date,dmr_limit_type_code_desc,dmr_limit_type_desc
3602064155,"TX0119407",0,3600435311,"001","EXO","External Outfall",3600478276,3600684408,3604917390,"0","ENF",01/01/2020,12/06/2024,1,"50050","Flow, in conduit or thru treatment plant","1","Effluent Gross","","",3608344140,"Q2","Quantity2",,"03","MGD","03","MGD",,"DD","DAILY MX","MAX","Maximum","",,3612968295,01/31/2021,3788199991,"Q2","Quantity2",3732924938,.0849,"03","MGD",.0849,"=",02/10/2021,,"","",,,"","","","",,"","",,"No Violation Identified",02/20/2021,"Enforcement","Base Permit"
3602064155,"TX0119407",0,3600435311,"001","EXO","External Outfall",3600478276,3600684408,3604917390,"0","ENF",01/01/2020,12/06/2024,1,"50050","Flow, in conduit or thru treatment plant","1","Effluent Gross","","",3608344141,"Q1","Quantity1",.131,"03","MGD","03","MGD",.131,"DB","DAILY AV","AVG","Average","<=",,3612968295,01/31/2021,3788199987,"Q1","Quantity1",3732924937,.0604,"03","MGD",.0604,"=",02/10/2021,,"","",,,"","","","",,"","",,"No Violation Identified",02/20/2021,"Enforcement","Base Permit"
3602064155,"TX0119407",0,3600435311,"001","EXO","External Outfall",3600478276,3600684408,3604917390,"0","ENF",01/01/2020,12/06/2024,1,"50050","Flow, in conduit or thru treatment plant","1","Effluent Gross","","",3608344141,"Q1","Quantity1",.131,"03","MGD","03","MGD",.131,"DB","DAILY AV","AVG","Average","<=",,3612968298,02/28/2021,3788200098,"Q1","Quantity1",3735355399,.0569,"03","MGD",.0569,"=",03/09/2021,,"","",,,"","","","",,"","",,"No Violation Identified",03/20/2021,"Enforcement","Base Permit"
3602064155,"TX0119407",0,3600435311,"001","EXO","External Outfall",3600478276,3600684408,3604917390,"0","ENF",01/01/2020,12/06/2024,1,"50050","Flow, in conduit or thru treatment plant","1","Effluent Gross","","",3608344140,"Q2","Quantity2",,"03","MGD","03","MGD",,"DD","DAILY MX","MAX","Maximum","",,3612968298,02/28/2021,3788200099,"Q2","Quantity2",3735355400,.1109,"03","MGD",.1109,"=",03/09/2021,,"","",,,"","","","",,"","",,"No Violation Identified",03/20/2021,"Enforcement","Base Permit"
3602064155,"TX0119407",0,3600435311,"001","EXO","External Outfall",3600478276,3600684408,3604917390,"0","ENF",01/01/2020,12/06/2024,1,"50050","Flow, in conduit or thru treatment plant","1","Effluent Gross","","",3608344140,"Q2","Quantity2",,"03","MGD","03","MGD",,"DD","DAILY MX","MAX","Maximum","",,3612968306,03/31/2021,3788200195,"Q2","Quantity2",3736849014,.0809,"03","MGD",.0809,"=",04/13/2021,,"","",,,"","","","",,"","",,"No Violation Identified",04/20/2021,"Enforcement","Base Permit"
3602064155,"TX0119407",0,3600435311,"001","EXO","External Outfall",3600478276,3600684408,3604917390,"0","ENF",01/01/2020,12/06/2024,1,"50050","Flow, in conduit or thru treatment plant","1","Effluent Gross","","",3608344141,"Q1","Quantity1",.131,"03","MGD","03","MGD",.131,"DB","DAILY AV","AVG","Average","<=",,3612968306,03/31/2021,3788200189,"Q1","Quantity1",3736849013,.0581,"03","MGD",.0581,"=",04/13/2021,,"","",,,"","","","",,"","",,"No Violation Identified",04/20/2021,"Enforcement","Base Permit"
3602064155,"TX0119407",0,3600435311,"001","EXO","External Outfall",3600478276,3600684408,3604917390,"0","ENF",01/01/2020,12/06/2024,1,"50050","Flow, in conduit or thru treatment plant","1","Effluent Gross","","",3608344141,"Q1","Quantity1",.131,"03","MGD","03","MGD",.131,"DB","DAILY AV","AVG","Average","<=",,3612968313,04/30/2021,3788200267,"Q1","Quantity1",3738924115,.057,"03","MGD",.057,"=",05/11/2021,,"","",,,"","","","",,"","",,"No Violation Identified",05/20/2021,"Enforcement","Base Permit"
3602064155,"TX0119407",0,3600435311,"001","EXO","External Outfall",3600478276,3600684408,3604917390,"0","ENF",01/01/2020,12/06/2024,1,"50050","Flow, in conduit or thru treatment plant","1","Effluent Gross","","",3608344140,"Q2","Quantity2",,"03","MGD","03","MGD",,"DD","DAILY MX","MAX","Maximum","",,3612968313,04/30/2021,3788200269,"Q2","Quantity2",3738924116,.0815,"03","MGD",.0815,"=",05/11/2021,,"","",,,"","","","",,"","",,"No Violation Identified",05/20/2021,"Enforcement","Base Permit"
3602064155,"TX0119407",0,3600435311,"001","EXO","External Outfall",3600478276,3600684408,3604917390,"0","ENF",01/01/2020,12/06/2024,1,"50050","Flow, in conduit or thru treatment plant","1","Effluent Gross","","",3608344140,"Q2","Quantity2",,"03","MGD","03","MGD",,"DD","DAILY MX","MAX","Maximum","",,3615038173,05/31/2021,3817721172,"Q2","Quantity2",3742517013,.2326,"03","MGD",.2326,"=",06/09/2021,,"","",,,"","","","",,"","",,"No Violation Identified",06/20/2021,"Enforcement","Base Permit"
3602064155,"TX0119407",0,3600435311,"001","EXO","External Outfall",3600478276,3600684408,3604917390,"0","ENF",01/01/2020,12/06/2024,1,"50050","Flow, in conduit or thru treatment plant","1","Effluent Gross","","",3608344141,"Q1","Quantity1",.131,"03","MGD","03","MGD",.131,"DB","DAILY AV","AVG","Average","<=",,3615038173,05/31/2021,3817721170,"Q1","Quantity1",3742517011,.0815,"03","MGD",.0815,"=",06/09/2021,,"","",,,"","","","",,"","",,"No Violation Identified",06/20/2021,"Enforcement","Base Permit"
3602064155,"TX0119407",0,3600435311,"001","EXO","External Outfall",3600478276,3600684408,3604917390,"0","ENF",01/01/2020,12/06/2024,1,"50050","Flow, in conduit or thru treatment plant","1","Effluent Gross","","",3608344141,"Q1","Quantity1",.131,"03","MGD","03","MGD",.131,"DB","DAILY AV","AVG","Average","<=",,3615038187,06/30/2021,3817721346,"Q1","Quantity1",3743840442,.0839,"03","MGD",.0839,"=",07/13/2021,,"","",,,"","","","",,"","",,"No Violation Identified",07/20/2021,"Enforcement","Base Permit"
3602064155,"TX0119407",0,3600435311,"001","EXO","External Outfall",3600478276,3600684408,3604917390,"0","ENF",01/01/2020,12/06/2024,1,"50050","Flow, in conduit or thru treatment plant","1","Effluent Gross","","",3608344140,"Q2","Quantity2",,"03","MGD","03","MGD",,"DD","DAILY MX","MAX","Maximum","",,3615038187,06/30/2021,3817721349,"Q2","Quantity2",3743840443,.3646,"03","MGD",.3646,"=",07/13/2021,,"","",,,"","","","",,"","",,"No Violation Identified",07/20/2021,"Enforcement","Base Permit"
3602064155,"TX0119407",0,3600435311,"001","EXO","External Outfall",3600478276,3600684408,3604917390,"0","ENF",01/01/2020,12/06/2024,1,"50050","Flow, in conduit or thru treatment plant","1","Effluent Gross","","",3608344140,"Q2","Quantity2",,"03","MGD","03","MGD",,"DD","DAILY MX","MAX","Maximum","",,3615038201,07/31/2021,3817721521,"Q2","Quantity2",3745609912,.3597,"03","MGD",.3597,"=",08/10/2021,,"","",,,"","","","",,"","",,"No Violation Identified",08/20/2021,"Enforcement","Base Permit"
3602064155,"TX0119407",0,3600435311,"001","EXO","External Outfall",3600478276,3600684408,3604917390,"0","ENF",01/01/2020,12/06/2024,1,"50050","Flow, in conduit or thru treatment plant","1","Effluent Gross","","",3608344141,"Q1","Quantity1",.131,"03","MGD","03","MGD",.131,"DB","DAILY AV","AVG","Average","<=",,3615038201,07/31/2021,3817721506,"Q1","Quantity1",3745609911,.0935,"03","MGD",.0935,"=",08/10/2021,,"","",,,"","","","",,"","",,"No Violation Identified",08/20/2021,"Enforcement","Base Permit"
3602064155,"TX0119407",0,3600435311,"001","EXO","External Outfall",3600478276,3600684408,3604917390,"0","ENF",01/01/2020,12/06/2024,1,"50050","Flow, in conduit or thru treatment plant","1","Effluent Gross","","",3608344141,"Q1","Quantity1",.131,"03","MGD","03","MGD",.131,"DB","DAILY AV","AVG","Average","<=",,3615038214,08/31/2021,3817721635,"Q1","Quantity1",3748558413,.0624,"03","MGD",.0624,"=",09/14/2021,,"","",,,"","","","",,"","",,"No Violation Identified",09/20/2021,"Enforcement","Base Permit"
3602064155,"TX0119407",0,3600435311,"001","EXO","External Outfall",3600478276,3600684408,3604917390,"0","ENF",01/01/2020,12/06/2024,1,"50050","Flow, in conduit or thru treatment plant","1","Effluent Gross","","",3608344140,"Q2","Quantity2",,"03","MGD","03","MGD",,"DD","DAILY MX","MAX","Maximum","",,3615038214,08/31/2021,3817721638,"Q2","Quantity2",3748558414,.0948,"03","MGD",.0948,"=",09/14/2021,,"","",,,"","","","",,"","",,"No Violation Identified",09/20/2021,"Enforcement","Base Permit"
3602064155,"TX0119407",0,3600435311,"001","EXO","External Outfall",3600478276,3600684408,3604917390,"0","ENF",01/01/2020,12/06/2024,1,"50050","Flow, in conduit or thru treatment plant","1","Effluent Gross","","",3608344140,"Q2","Quantity2",,"03","MGD","03","MGD",,"DD","DAILY MX","MAX","Maximum","",,3615038228,09/30/2021,3817721779,"Q2","Quantity2",3749834323,.0844,"03","MGD",.0844,"=",10/12/2021,,"","",,,"","","","",,"","",,"No Violation Identified",10/20/2021,"Enforcement","Base Permit"
3602064155,"TX0119407",0,3600435311,"001","EXO","External Outfall",3600478276,3600684408,3604917390,"0","ENF",01/01/2020,12/06/2024,1,"50050","Flow, in conduit or thru treatment plant","1","Effluent Gross","","",3608344141,"Q1","Quantity1",.131,"03","MGD","03","MGD",.131,"DB","DAILY AV","AVG","Average","<=",,3615038228,09/30/2021,3817721777,"Q1","Quantity1",3749834322,.0607,"03","MGD",.0607,"=",10/12/2021,,"","",,,"","","","",,"","",,"No Violation Identified",10/20/2021,"Enforcement","Base Permit"
3602064155,"TX0119407",0,3600435311,"001","EXO","External Outfall",3600478276,3600684408,3604917390,"0","ENF",01/01/2020,12/06/2024,1,"50050","Flow, in conduit or thru treatment plant","1","Effluent Gross","","",3608344141,"Q1","Quantity1",.131,"03","MGD","03","MGD",.131,"DB","DAILY AV","AVG","Average","<=",,3615038244,10/31/2021,3817721938,"Q1","Quantity1",3752994433,.0695,"03","MGD",.0695,"=",11/12/2021,,"","",,,"","","","",,"","",,"No Violation Identified",11/20/2021,"Enforcement","Base Permit"
3602064155,"TX0119407",0,3600435311,"001","EXO","External Outfall",3600478276,3600684408,3604917390,"0","ENF",01/01/2020,12/06/2024,1,"50050","Flow, in conduit or thru treatment plant","1","Effluent Gross","","",3608344140,"Q2","Quantity2",,"03","MGD","03","MGD",,"DD","DAILY MX","MAX","Maximum","",,3615038244,10/31/2021,3817721940,"Q2","Quantity2",3752994434,.2222,"03","MGD",.2222,"=",11/12/2021,,"","",,,"","","","",,"","",,"No Violation Identified",11/20/2021,"Enforcement","Base Permit"
3602064155,"TX0119407",0,3600435311,"001","EXO","External Outfall",3600478276,3600684408,3604917390,"0","ENF",01/01/2020,12/06/2024,1,"50050","Flow, in conduit or thru treatment plant","1","Effluent Gross","","",3608344140,"Q2","Quantity2",,"03","MGD","03","MGD",,"DD","DAILY MX","MAX","Maximum","",,3615038256,11/30/2021,3817722093,"Q2","Quantity2",3754387425,.0951,"03","MGD",.0951,"=",12/14/2021,,"","",,,"","","","",,"","",,"No Violation Identified",12/20/2021,"Enforcement","Base Permit"
3602064155,"TX0119407",0,3600435311,"001","EXO","External Outfall",3600478276,3600684408,3604917390,"0","ENF",01/01/2020,12/06/2024,1,"50050","Flow, in conduit or thru treatment plant","1","Effluent Gross","","",3608344141,"Q1","Quantity1",.131,"03","MGD","03","MGD",.131,"DB","DAILY AV","AVG","Average","<=",,3615038256,11/30/2021,3817722079,"Q1","Quantity1",3754387424,.0649,"03","MGD",.0649,"=",12/14/2021,,"","",,,"","","","",,"","",,"No Violation Identified",12/20/2021,"Enforcement","Base Permit"
3602064155,"TX0119407",0,3600435311,"001","EXO","External Outfall",3600478276,3600684408,3604917390,"0","ENF",01/01/2020,12/06/2024,1,"50050","Flow, in conduit or thru treatment plant","1","Effluent Gross","","",3608344141,"Q1","Quantity1",.131,"03","MGD","03","MGD",.131,"DB","DAILY AV","AVG","Average","<=",,3615038265,12/31/2021,3817722222,"Q1","Quantity1",3755822008,.0629,"03","MGD",.0629,"=",01/12/2022,,"","",,,"","","","",,"","",,"No Violation Identified",01/20/2022,"Enforcement","Base Permit"
3602064155,"TX0119407",0,3600435311,"001","EXO","External Outfall",3600478276,3600684408,3604917390,"0","ENF",01/01/2020,12/06/2024,1,"50050","Flow, in conduit or thru treatment plant","1","Effluent Gross","","",3608344140,"Q2","Quantity2",,"03","MGD","03","MGD",,"DD","DAILY MX","MAX","Maximum","",,3615038265,12/31/2021,3817722231,"Q2","Quantity2",3755822009,.0885,"03","MGD",.0885,"=",01/12/2022,,"","",,,"","","","",,"","",,"No Violation Identified",01/20/2022,"Enforcement","Base Permit"
3602064155,"TX0119407",0,3600435311,"001","EXO","External Outfall",3600478276,3600684408,3604917390,"0","ENF",01/01/2020,12/06/2024,1,"50050","Flow, in conduit or thru treatment plant","1","Effluent Gross","","",3608344140,"Q2","Quantity2",,"03","MGD","03","MGD",,"DD","DAILY MX","MAX","Maximum","",,3615038272,01/31/2022,3817722390,"Q2","Quantity2",3758717261,.096,"03","MGD",.096,"=",02/08/2022,,"","",,,"","","","",,"","",,"No Violation Identified",02/20/2022,"Enforcement","Base Permit"
3602064155,"TX0119407",0,3600435311,"001","EXO","External Outfall",3600478276,3600684408,3604917390,"0","ENF",01/01/2020,12/06/2024,1,"50050","Flow, in conduit or thru treatment plant","1","Effluent Gross","","",3608344141,"Q1","Quantity1",.131,"03","MGD","03","MGD",.131,"DB","DAILY AV","AVG","Average","<=",,3615038272,01/31/2022,3817722387,"Q1","Quantity1",3758717260,.0682,"03","MGD",.0682,"=",02/08/2022,,"","",,,"","","","",,"","",,"No Violation Identified",02/20/2022,"Enforcement","Base Permit"
3602064155,"TX0119407",0,3600435311,"001","EXO","External Outfall",3600478276,3600684408,3604917390,"0","ENF",01/01/2020,12/06/2024,1,"50050","Flow, in conduit or thru treatment plant","1","Effluent Gross","","",3608344141,"Q1","Quantity1",.131,"03","MGD","03","MGD",.131,"DB","DAILY AV","AVG","Average","<=",,3615038277,02/28/2022,3817722501,"Q1","Quantity1",3762582640,.0723,"03","MGD",.0723,"=",03/15/2022,,"","",,,"","","","",,"","",,"No Violation Identified",03/20/2022,"Enforcement","Base Permit"
3602064155,"TX0119407",0,3600435311,"001","EXO","External Outfall",3600478276,3600684408,3604917390,"0","ENF",01/01/2020,12/06/2024,1,"50050","Flow, in conduit or thru treatment plant","1","Effluent Gross","","",3608344140,"Q2","Quantity2",,"03","MGD","03","MGD",,"DD","DAILY MX","MAX","Maximum","",,3615038277,02/28/2022,3817722506,"Q2","Quantity2",3762582641,.1134,"03","MGD",.1134,"=",03/15/2022,,"","",,,"","","","",,"","",,"No Violation Identified",03/20/2022,"Enforcement","Base Permit"
3602064155,"TX0119407",0,3600435311,"001","EXO","External Outfall",3600478276,3600684408,3604917390,"0","ENF",01/01/2020,12/06/2024,1,"50050","Flow, in conduit or thru treatment plant","1","Effluent Gross","","",3608344140,"Q2","Quantity2",,"03","MGD","03","MGD",,"DD","DAILY MX","MAX","Maximum","",,3615038282,03/31/2022,3817722652,"Q2","Quantity2",3763827273,.1066,"03","MGD",.1066,"=",04/13/2022,,"","",,,"","","","",,"","",,"No Violation Identified",04/20/2022,"Enforcement","Base Permit"
3602064155,"TX0119407",0,3600435311,"001","EXO","External Outfall",3600478276,3600684408,3604917390,"0","ENF",01/01/2020,12/06/2024,1,"50050","Flow, in conduit or thru treatment plant","1","Effluent Gross","","",3608344141,"Q1","Quantity1",.131,"03","MGD","03","MGD",.131,"DB","DAILY AV","AVG","Average","<=",,3615038282,03/31/2022,3817722648,"Q1","Quantity1",3763827272,.065,"03","MGD",.065,"=",04/13/2022,,"","",,,"","","","",,"","",,"No Violation Identified",04/20/2022,"Enforcement","Base Permit"
3602064155,"TX0119407",0,3600435311,"001","EXO","External Outfall",3600478276,3600684408,3604917390,"0","ENF",01/01/2020,12/06/2024,1,"50050","Flow, in conduit or thru treatment plant","1","Effluent Gross","","",3608344141,"Q1","Quantity1",.131,"03","MGD","03","MGD",.131,"DB","DAILY AV","AVG","Average","<=",,3615038289,04/30/2022,3817722817,"Q1","Quantity1",3765258556,.0503,"03","MGD",.0503,"=",05/05/2022,,"","",,,"","","","",,"","",,"No Violation Identified",05/20/2022,"Enforcement","Base Permit"
3602064155,"TX0119407",0,3600435311,"001","EXO","External Outfall",3600478276,3600684408,3604917390,"0","ENF",01/01/2020,12/06/2024,1,"50050","Flow, in conduit or thru treatment plant","1","Effluent Gross","","",3608344140,"Q2","Quantity2",,"03","MGD","03","MGD",,"DD","DAILY MX","MAX","Maximum","",,3615038289,04/30/2022,3817722824,"Q2","Quantity2",3765258557,.0711,"03","MGD",.0711,"=",05/05/2022,,"","",,,"","","","",,"","",,"No Violation Identified",05/20/2022,"Enforcement","Base Permit"
3602064155,"TX0119407",0,3600435311,"001","EXO","External Outfall",3600478276,3600684408,3604917390,"0","ENF",01/01/2020,12/06/2024,1,"50050","Flow, in conduit or thru treatment plant","1","Effluent Gross","","",3608344140,"Q2","Quantity2",,"03","MGD","03","MGD",,"DD","DAILY MX","MAX","Maximum","",,3615038294,05/31/2022,3817722985,"Q2","Quantity2",3768375934,.0696,"03","MGD",.0696,"=",06/08/2022,,"","",,,"","","","",,"","",,"No Violation Identified",06/20/2022,"Enforcement","Base Permit"
3602064155,"TX0119407",0,3600435311,"001","EXO","External Outfall",3600478276,3600684408,3604917390,"0","ENF",01/01/2020,12/06/2024,1,"50050","Flow, in conduit or thru treatment plant","1","Effluent Gross","","",3608344141,"Q1","Quantity1",.131,"03","MGD","03","MGD",.131,"DB","DAILY AV","AVG","Average","<=",,3615038294,05/31/2022,3817722977,"Q1","Quantity1",3768375933,.0467,"03","MGD",.0467,"=",06/08/2022,,"","",,,"","","","",,"","",,"No Violation Identified",06/20/2022,"Enforcement","Base Permit"
3602064155,"TX0119407",0,3600435311,"001","EXO","External Outfall",3600478276,3600684408,3604917390,"0","ENF",01/01/2020,12/06/2024,1,"50050","Flow, in conduit or thru treatment plant","1","Effluent Gross","","",3608344141,"Q1","Quantity1",.131,"03","MGD","03","MGD",.131,"DB","DAILY AV","AVG","Average","<=",,3615038300,06/30/2022,3817723154,"Q1","Quantity1",3769658525,.0473,"03","MGD",.0473,"=",07/05/2022,,"","",,,"","","","",,"","",,"No Violation Identified",07/20/2022,"Enforcement","Base Permit"
3602064155,"TX0119407",0,3600435311,"001","EXO","External Outfall",3600478276,3600684408,3604917390,"0","ENF",01/01/2020,12/06/2024,1,"50050","Flow, in conduit or thru treatment plant","1","Effluent Gross","","",3608344140,"Q2","Quantity2",,"03","MGD","03","MGD",,"DD","DAILY MX","MAX","Maximum","",,3615038300,06/30/2022,3817723157,"Q2","Quantity2",3769658526,.1001,"03","MGD",.1001,"=",07/05/2022,,"","",,,"","","","",,"","",,"No Violation Identified",07/20/2022,"Enforcement","Base Permit"
3602064155,"TX0119407",0,3600435311,"001","EXO","External Outfall",3600478276,3600684408,3604917390,"0","ENF",01/01/2020,12/06/2024,1,"50050","Flow, in conduit or thru treatment plant","1","Effluent Gross","","",3608344140,"Q2","Quantity2",,"03","MGD","03","MGD",,"DD","DAILY MX","MAX","Maximum","",,3615038307,07/31/2022,3817723299,"Q2","Quantity2",3773142842,.2052,"03","MGD",.2052,"=",08/05/2022,,"","",,,"","","","",,"","",,"No Violation Identified",08/20/2022,"Enforcement","Base Permit"
3602064155,"TX0119407",0,3600435311,"001","EXO","External Outfall",3600478276,3600684408,3604917390,"0","ENF",01/01/2020,12/06/2024,1,"50050","Flow, in conduit or thru treatment plant","1","Effluent Gross","","",3608344141,"Q1","Quantity1",.131,"03","MGD","03","MGD",.131,"DB","DAILY AV","AVG","Average","<=",,3615038307,07/31/2022,3817723296,"Q1","Quantity1",3773142841,.0582,"03","MGD",.0582,"=",08/05/2022,,"","",,,"","","","",,"","",,"No Violation Identified",08/20/2022,"Enforcement","Base Permit"
3602064155,"TX0119407",0,3600435311,"001","EXO","External Outfall",3600478276,3600684408,3604917390,"0","ENF",01/01/2020,12/06/2024,1,"50050","Flow, in conduit or thru treatment plant","1","Effluent Gross","","",3608344141,"Q1","Quantity1",.131,"03","MGD","03","MGD",.131,"DB","DAILY AV","AVG","Average","<=",,3615038313,08/31/2022,3817723460,"Q1","Quantity1",3774644031,.0758,"03","MGD",.0758,"=",09/08/2022,,"","",,,"","","","",,"","",,"No Violation Identified",09/20/2022,"Enforcement","Base Permit"
3602064155,"TX0119407",0,3600435311,"001","EXO","External Outfall",3600478276,3600684408,3604917390,"0","ENF",01/01/2020,12/06/2024,1,"50050","Flow, in conduit or thru treatment plant","1","Effluent Gross","","",3608344140,"Q2","Quantity2",,"03","MGD","03","MGD",,"DD","DAILY MX","MAX","Maximum","",,3615038313,08/31/2022,3817723465,"Q2","Quantity2",3774644032,.254,"03","MGD",.254,"=",09/08/2022,,"","",,,"","","","",,"","",,"No Violation Identified",09/20/2022,"Enforcement","Base Permit"
3602064155,"TX0119407",0,3600435311,"001","EXO","External Outfall",3600478276,3600684408,3604917390,"0","ENF",01/01/2020,12/06/2024,1,"50050","Flow, in conduit or thru treatment plant","1","Effluent Gross","","",3608344140,"Q2","Quantity2",,"03","MGD","03","MGD",,"DD","DAILY MX","MAX","Maximum","",,3615038317,09/30/2022,3817723624,"Q2","Quantity2",3775697872,.1449,"03","MGD",.1449,"=",10/04/2022,,"","",,,"","","","",,"","",,"No Violation Identified",10/20/2022,"Enforcement","Base Permit"
3602064155,"TX0119407",0,3600435311,"001","EXO","External Outfall",3600478276,3600684408,3604917390,"0","ENF",01/01/2020,12/06/2024,1,"50050","Flow, in conduit or thru treatment plant","1","Effluent Gross","","",3608344141,"Q1","Quantity1",.131,"03","MGD","03","MGD",.131,"DB","DAILY AV","AVG","Average","<=",,3615038317,09/30/2022,3817723621,"Q1","Quantity1",3775697871,.0598,"03","MGD",.0598,"=",10/04/2022,,"","",,,"","","","",,"","",,"No Violation Identified",10/20/2022,"Enforcement","Base Permit"
3602064155,"TX0119407",0,3600435311,"001","EXO","External Outfall",3600478276,3600684408,3604917390,"0","ENF",01/01/2020,12/06/2024,1,"50050","Flow, in conduit or thru treatment plant","1","Effluent Gross","","",3608344141,"Q1","Quantity1",.131,"03","MGD","03","MGD",.131,"DB","DAILY AV","AVG","Average","<=",,3615038323,10/31/2022,3817723749,"Q1","Quantity1",3779193572,.0512,"03","MGD",.0512,"=",11/04/2022,,"","",,,"","","","",,"","",,"No Violation Identified",11/20/2022,"Enforcement","Base Permit"
3602064155,"TX0119407",0,3600435311,"001","EXO","External Outfall",3600478276,3600684408,3604917390,"0","ENF",01/01/2020,12/06/2024,1,"50050","Flow, in conduit or thru treatment plant","1","Effluent Gross","","",3608344140,"Q2","Quantity2",,"03","MGD","03","MGD",,"DD","DAILY MX","MAX","Maximum","",,3615038323,10/31/2022,3817723758,"Q2","Quantity2",3779193573,.113,"03","MGD",.113,"=",11/04/2022,,"","",,,"","","","",,"","",,"No Violation Identified",11/20/2022,"Enforcement","Base Permit"
3602064155,"TX0119407",0,3600435311,"001","EXO","External Outfall",3600478276,3600684408,3604917390,"0","ENF",01/01/2020,12/06/2024,1,"50050","Flow, in conduit or thru treatment plant","1","Effluent Gross","","",3608344140,"Q2","Quantity2",,"03","MGD","03","MGD",,"DD","DAILY MX","MAX","Maximum","",,3615038327,11/30/2022,3817723908,"Q2","Quantity2",3780948213,.0912,"03","MGD",.0912,"=",12/07/2022,,"","",,,"","","","",,"","",,"No Violation Identified",12/20/2022,"Enforcement","Base Permit"
3602064155,"TX0119407",0,3600435311,"001","EXO","External Outfall",3600478276,3600684408,3604917390,"0","ENF",01/01/2020,12/06/2024,1,"50050","Flow, in conduit or thru treatment plant","1","Effluent Gross","","",3608344141,"Q1","Quantity1",.131,"03","MGD","03","MGD",.131,"DB","DAILY AV","AVG","Average","<=",,3615038327,11/30/2022,3817723896,"Q1","Quantity1",3780948212,.0526,"03","MGD",.0526,"=",12/07/2022,,"","",,,"","","","",,"","",,"No Violation Identified",12/20/2022,"Enforcement","Base Permit"
3602064155,"TX0119407",0,3600435311,"001","EXO","External Outfall",3600478276,3600684408,3604917390,"0","ENF",01/01/2020,12/06/2024,1,"50050","Flow, in conduit or thru treatment plant","1","Effluent Gross","","",3608344141,"Q1","Quantity1",.131,"03","MGD","03","MGD",.131,"DB","DAILY AV","AVG","Average","<=",,3615038341,12/31/2022,3817724123,"Q1","Quantity1",3782200929,.0505,"03","MGD",.0505,"=",01/04/2023,,"","",,,"","","","",,"","",,"No Violation Identified",01/20/2023,"Enforcement","Base Permit"
3602064155,"TX0119407",0,3600435311,"001","EXO","External Outfall",3600478276,3600684408,3604917390,"0","ENF",01/01/2020,12/06/2024,1,"50050","Flow, in conduit or thru treatment plant","1","Effluent Gross","","",3608344140,"Q2","Quantity2",,"03","MGD","03","MGD",,"DD","DAILY MX","MAX","Maximum","",,3615038341,12/31/2022,3817724127,"Q2","Quantity2",3782200930,.1044,"03","MGD",.1044,"=",01/04/2023,,"","",,,"","","","",,"","",,"No Violation Identified",01/20/2023,"Enforcement","Base Permit"
3602064155,"TX0119407",0,3600435311,"001","EXO","External Outfall",3600478276,3600684408,3604917390,"0","ENF",01/01/2020,12/06/2024,1,"50050","Flow, in conduit or thru treatment plant","1","Effluent Gross","","",3608344140,"Q2","Quantity2",,"03","MGD","03","MGD",,"DD","DAILY MX","MAX","Maximum","",,3615038346,01/31/2023,3817724341,"Q2","Quantity2",3785628182,.0615,"03","MGD",.0615,"=",02/06/2023,,"","",,,"","","","",,"","",,"No Violation Identified",02/20/2023,"Enforcement","Base Permit"
3602064155,"TX0119407",0,3600435311,"001","EXO","External Outfall",3600478276,3600684408,3604917390,"0","ENF",01/01/2020,12/06/2024,1,"50050","Flow, in conduit or thru treatment plant","1","Effluent Gross","","",3608344141,"Q1","Quantity1",.131,"03","MGD","03","MGD",.131,"DB","DAILY AV","AVG","Average","<=",,3615038346,01/31/2023,3817724326,"Q1","Quantity1",3785628181,.0468,"03","MGD",.0468,"=",02/06/2023,,"","",,,"","","","",,"","",,"No Violation Identified",02/20/2023,"Enforcement","Base Permit"
3602064155,"TX0119407",0,3600435311,"001","EXO","External Outfall",3600478276,3600684408,3604917390,"0","ENF",01/01/2020,12/06/2024,1,"50050","Flow, in conduit or thru treatment plant","1","Effluent Gross","","",3608344141,"Q1","Quantity1",.131,"03","MGD","03","MGD",.131,"DB","DAILY AV","AVG","Average","<=",,3615038357,02/28/2023,3817724549,"Q1","Quantity1",3788541355,.0519,"03","MGD",.0519,"=",03/06/2023,,"","",,,"","","","",,"","",,"No Violation Identified",03/20/2023,"Enforcement","Base Permit"
3602064155,"TX0119407",0,3600435311,"001","EXO","External Outfall",3600478276,3600684408,3604917390,"0","ENF",01/01/2020,12/06/2024,1,"50050","Flow, in conduit or thru treatment plant","1","Effluent Gross","","",3608344140,"Q2","Quantity2",,"03","MGD","03","MGD",,"DD","DAILY MX","MAX","Maximum","",,3615038357,02/28/2023,3817724553,"Q2","Quantity2",3788541356,.0759,"03","MGD",.0759,"=",03/06/2023,,"","",,,"","","","",,"","",,"No Violation Identified",03/20/2023,"Enforcement","Base Permit"
3602064155,"TX0119407",0,3600435311,"001","EXO","External Outfall",3600478276,3600684408,3604917390,"0","ENF",01/01/2020,12/06/2024,1,"50050","Flow, in conduit or thru treatment plant","1","Effluent Gross","","",3608344140,"Q2","Quantity2",,"03","MGD","03","MGD",,"DD","DAILY MX","MAX","Maximum","",,3615038365,03/31/2023,3817724773,"Q2","Quantity2",3790127505,.0967,"03","MGD",.0967,"=",04/05/2023,,"","",,,"","","","",,"","",,"No Violation Identified",04/20/2023,"Enforcement","Base Permit"
3602064155,"TX0119407",0,3600435311,"001","EXO","External Outfall",3600478276,3600684408,3604917390,"0","ENF",01/01/2020,12/06/2024,1,"50050","Flow, in conduit or thru treatment plant","1","Effluent Gross","","",3608344141,"Q1","Quantity1",.131,"03","MGD","03","MGD",.131,"DB","DAILY AV","AVG","Average","<=",,3615038365,03/31/2023,3817724753,"Q1","Quantity1",3790127504,.0532,"03","MGD",.0532,"=",04/05/2023,,"","",,,"","","","",,"","",,"No Violation Identified",04/20/2023,"Enforcement","Base Permit"
3602064155,"TX0119407",0,3600435311,"001","EXO","External Outfall",3600478276,3600684408,3604917390,"0","ENF",01/01/2020,12/06/2024,1,"50050","Flow, in conduit or thru treatment plant","1","Effluent Gross","","",3608344141,"Q1","Quantity1",.131,"03","MGD","03","MGD",.131,"DB","DAILY AV","AVG","Average","<=",,3615038373,04/30/2023,3817724938,"Q1","Quantity1",3793150293,.0606,"03","MGD",.0606,"=",05/03/2023,,"","",,,"","","","",,"","",,"No Violation Identified",05/20/2023,"Enforcement","Base Permit"
3602064155,"TX0119407",0,3600435311,"001","EXO","External Outfall",3600478276,3600684408,3604917390,"0","ENF",01/01/2020,12/06/2024,1,"50050","Flow, in conduit or thru treatment plant","1","Effluent Gross","","",3608344140,"Q2","Quantity2",,"03","MGD","03","MGD",,"DD","DAILY MX","MAX","Maximum","",,3615038373,04/30/2023,3817724945,"Q2","Quantity2",3793150294,.1088,"03","MGD",.1088,"=",05/03/2023,,"","",,,"","","","",,"","",,"No Violation Identified",05/20/2023,"Enforcement","Base Permit"
3602064155,"TX0119407",0,3600435311,"001","EXO","External Outfall",3600478276,3600684408,3604917390,"0","ENF",01/01/2020,12/06/2024,1,"50050","Flow, in conduit or thru treatment plant","1","Effluent Gross","","",3608344140,"Q2","Quantity2",,"03","MGD","03","MGD",,"DD","DAILY MX","MAX","Maximum","",,3615038381,05/31/2023,3817725144,"Q2","Quantity2",3794782852,.1863,"03","MGD",.1863,"=",06/07/2023,,"","",,,"","","","",,"","",,"No Violation Identified",06/20/2023,"Enforcement","Base Permit"
3602064155,"TX0119407",0,3600435311,"001","EXO","External Outfall",3600478276,3600684408,3604917390,"0","ENF",01/01/2020,12/06/2024,1,"50050","Flow, in conduit or thru treatment plant","1","Effluent Gross","","",3608344141,"Q1","Quantity1",.131,"03","MGD","03","MGD",.131,"DB","DAILY AV","AVG","Average","<=",,3615038381,05/31/2023,3817725141,"Q1","Quantity1",3794782851,.0648,"03","MGD",.0648,"=",06/07/2023,,"","",,,"","","","",,"","",,"No Violation Identified",06/20/2023,"Enforcement","Base Permit"
3602064155,"TX0119407",0,3600435311,"001","EXO","External Outfall",3600478276,3600684408,3604917390,"0","ENF",01/01/2020,12/06/2024,1,"50050","Flow, in conduit or thru treatment plant","1","Effluent Gross","","",3608344141,"Q1","Quantity1",.131,"03","MGD","03","MGD",.131,"DB","DAILY AV","AVG","Average","<=",,3615038391,06/30/2023,3817725371,"Q1","Quantity1",3796158598,.0565,"03","MGD",.0565,"=",07/05/2023,,"","",,,"","","","",,"","",,"No Violation Identified",07/20/2023,"Enforcement","Base Permit"
3602064155,"TX0119407",0,3600435311,"001","EXO","External Outfall",3600478276,3600684408,3604917390,"0","ENF",01/01/2020,12/06/2024,1,"50050","Flow, in conduit or thru treatment plant","1","Effluent Gross","","",3608344140,"Q2","Quantity2",,"03","MGD","03","MGD",,"DD","DAILY MX","MAX","Maximum","",,3615038391,06/30/2023,3817725393,"Q2","Quantity2",3796158599,.0874,"03","MGD",.0874,"=",07/05/2023,,"","",,,"","","","",,"","",,"No Violation Identified",07/20/2023,"Enforcement","Base Permit"
3602064155,"TX0119407",0,3600435311,"001","EXO","External Outfall",3600478276,3600684408,3604917390,"0","ENF",01/01/2020,12/06/2024,1,"50050","Flow, in conduit or thru treatment plant","1","Effluent Gross","","",3608344140,"Q2","Quantity2",,"03","MGD","03","MGD",,"DD","DAILY MX","MAX","Maximum","",,3615038408,07/31/2023,3817725627,"Q2","Quantity2",3798023102,.0791,"03","MGD",.0791,"=",07/31/2023,,"","",,,"","","","",,"","",,"No Violation Identified",08/20/2023,"Enforcement","Base Permit"
3602064155,"TX0119407",0,3600435311,"001","EXO","External Outfall",3600478276,3600684408,3604917390,"0","ENF",01/01/2020,12/06/2024,1,"50050","Flow, in conduit or thru treatment plant","1","Effluent Gross","","",3608344141,"Q1","Quantity1",.131,"03","MGD","03","MGD",.131,"DB","DAILY AV","AVG","Average","<=",,3615038408,07/31/2023,3817725623,"Q1","Quantity1",3798023101,.0587,"03","MGD",.0587,"=",07/31/2023,,"","",,,"","","","",,"","",,"No Violation Identified",08/20/2023,"Enforcement","Base Permit"
3602064155,"TX0119407",0,3600435311,"001","EXO","External Outfall",3600478276,3600684408,3604917390,"0","ENF",01/01/2020,12/06/2024,1,"50050","Flow, in conduit or thru treatment plant","1","Effluent Gross","","",3608344141,"Q1","Quantity1",.131,"03","MGD","03","MGD",.131,"DB","DAILY AV","AVG","Average","<=",,3615038422,08/31/2023,3817725948,"Q1","Quantity1",3802058153,.0584,"03","MGD",.0584,"=",09/26/2023,6,"","",,,"","","","",,"","",,"No Violation Identified",09/20/2023,"Enforcement","Base Permit"
3602064155,"TX0119407",0,3600435311,"001","EXO","External Outfall",3600478276,3600684408,3604917390,"0","ENF",01/01/2020,12/06/2024,1,"50050","Flow, in conduit or thru treatment plant","1","Effluent Gross","","",3608344140,"Q2","Quantity2",,"03","MGD","03","MGD",,"DD","DAILY MX","MAX","Maximum","",,3615038422,08/31/2023,3817725952,"Q2","Quantity2",3802058154,.0894,"03","MGD",.0894,"=",09/26/2023,6,"","",,,"","","","",,"","",,"No Violation Identified",09/20/2023,"Enforcement","Base Permit"
3602064155,"TX0119407",0,3600435311,"001","EXO","External Outfall",3600478276,3600684408,3604917390,"0","ENF",01/01/2020,12/06/2024,1,"50050","Flow, in conduit or thru treatment plant","1","Effluent Gross","","",3608344140,"Q2","Quantity2",,"03","MGD","03","MGD",,"DD","DAILY MX","MAX","Maximum","",,3615038434,09/30/2023,3817726115,"Q2","Quantity2",3802356482,.071,"03","MGD",.071,"=",10/03/2023,,"","",,,"","","","",,"","",,"No Violation Identified",10/20/2023,"Enforcement","Base Permit"
3602064155,"TX0119407",0,3600435311,"001","EXO","External Outfall",3600478276,3600684408,3604917390,"0","ENF",01/01/2020,12/06/2024,1,"50050","Flow, in conduit or thru treatment plant","1","Effluent Gross","","",3608344141,"Q1","Quantity1",.131,"03","MGD","03","MGD",.131,"DB","DAILY AV","AVG","Average","<=",,3615038434,09/30/2023,3817726108,"Q1","Quantity1",3802356479,.0616,"03","MGD",.0616,"=",10/03/2023,,"","",,,"","","","",,"","",,"No Violation Identified",10/20/2023,"Enforcement","Base Permit"
3602064155,"TX0119407",0,3600435311,"001","EXO","External Outfall",3600478276,3600684408,3604917390,"0","ENF",01/01/2020,12/06/2024,1,"50050","Flow, in conduit or thru treatment plant","1","Effluent Gross","","",3608344141,"Q1","Quantity1",.131,"03","MGD","03","MGD",.131,"DB","DAILY AV","AVG","Average","<=",,3615038443,10/31/2023,3817726283,"Q1","Quantity1",3804206903,.0544,"03","MGD",.0544,"=",11/02/2023,,"","",,,"","","","",,"","",,"No Violation Identified",11/20/2023,"Enforcement","Base Permit"
3602064155,"TX0119407",0,3600435311,"001","EXO","External Outfall",3600478276,3600684408,3604917390,"0","ENF",01/01/2020,12/06/2024,1,"50050","Flow, in conduit or thru treatment plant","1","Effluent Gross","","",3608344140,"Q2","Quantity2",,"03","MGD","03","MGD",,"DD","DAILY MX","MAX","Maximum","",,3615038443,10/31/2023,3817726296,"Q2","Quantity2",3804206904,.0711,"03","MGD",.0711,"=",11/02/2023,,"","",,,"","","","",,"","",,"No Violation Identified",11/20/2023,"Enforcement","Base Permit"
3602064155,"TX0119407",0,3600435311,"001","EXO","External Outfall",3600478276,3600684408,3604917390,"0","ENF",01/01/2020,12/06/2024,1,"50050","Flow, in conduit or thru treatment plant","1","Effluent Gross","","",3608344140,"Q2","Quantity2",,"03","MGD","03","MGD",,"DD","DAILY MX","MAX","Maximum","",,3615038449,11/30/2023,3817726477,"Q2","Quantity2",3806256738,.081,"03","MGD",.081,"=",12/04/2023,,"","",,,"","","","",,"","",,"No Violation Identified",12/20/2023,"Enforcement","Base Permit"
3602064155,"TX0119407",0,3600435311,"001","EXO","External Outfall",3600478276,3600684408,3604917390,"0","ENF",01/01/2020,12/06/2024,1,"50050","Flow, in conduit or thru treatment plant","1","Effluent Gross","","",3608344141,"Q1","Quantity1",.131,"03","MGD","03","MGD",.131,"DB","DAILY AV","AVG","Average","<=",,3615038449,11/30/2023,3817726474,"Q1","Quantity1",3806256737,.0635,"03","MGD",.0635,"=",12/04/2023,,"","",,,"","","","",,"","",,"No Violation Identified",12/20/2023,"Enforcement","Base Permit"
3602064155,"TX0119407",0,3600435311,"001","EXO","External Outfall",3600478276,3600684408,3604917390,"0","ENF",01/01/2020,12/06/2024,1,"50050","Flow, in conduit or thru treatment plant","1","Effluent Gross","","",3608344141,"Q1","Quantity1",.131,"03","MGD","03","MGD",.131,"DB","DAILY AV","AVG","Average","<=",,3615038460,12/31/2023,3817726667,"Q1","Quantity1",3808725641,.0522,"03","MGD",.0522,"=",01/04/2024,,"","",,,"","","","",,"","",,"No Violation Identified",01/20/2024,"Enforcement","Base Permit"
3602064155,"TX0119407",0,3600435311,"001","EXO","External Outfall",3600478276,3600684408,3604917390,"0","ENF",01/01/2020,12/06/2024,1,"50050","Flow, in conduit or thru treatment plant","1","Effluent Gross","","",3608344140,"Q2","Quantity2",,"03","MGD","03","MGD",,"DD","DAILY MX","MAX","Maximum","",,3615038460,12/31/2023,3817726673,"Q2","Quantity2",3808725642,.0691,"03","MGD",.0691,"=",01/04/2024,,"","",,,"","","","",,"","",,"No Violation Identified",01/20/2024,"Enforcement","Base Permit"
3602064155,"TX0119407",0,3600435311,"001","EXO","External Outfall",3600478276,3600684408,3604917390,"0","ENF",01/01/2020,12/06/2024,1,"50050","Flow, in conduit or thru treatment plant","1","Effluent Gross","","",3608344140,"Q2","Quantity2",,"03","MGD","03","MGD",,"DD","DAILY MX","MAX","Maximum","",,3615038470,01/31/2024,3817726822,"Q2","Quantity2",3811500149,.1935,"03","MGD",.1935,"=",02/06/2024,,"","",,,"","","","",,"","",,"No Violation Identified",02/20/2024,"Enforcement","Base Permit"
3602064155,"TX0119407",0,3600435311,"001","EXO","External Outfall",3600478276,3600684408,3604917390,"0","ENF",01/01/2020,12/06/2024,1,"50050","Flow, in conduit or thru treatment plant","1","Effluent Gross","","",3608344141,"Q1","Quantity1",.131,"03","MGD","03","MGD",.131,"DB","DAILY AV","AVG","Average","<=",,3615038470,01/31/2024,3817726821,"Q1","Quantity1",3811500148,.0667,"03","MGD",.0667,"=",02/06/2024,,"","",,,"","","","",,"","",,"No Violation Identified",02/20/2024,"Enforcement","Base Permit"
3602064155,"TX0119407",0,3600435311,"001","EXO","External Outfall",3600478276,3600684408,3604917390,"0","ENF",01/01/2020,12/06/2024,1,"50050","Flow, in conduit or thru treatment plant","1","Effluent Gross","","",3608344141,"Q1","Quantity1",.131,"03","MGD","03","MGD",.131,"DB","DAILY AV","AVG","Average","<=",,3615038480,02/29/2024,3817727002,"Q1","Quantity1",3813595536,.0581,"03","MGD",.0581,"=",03/11/2024,,"","",,,"","","","",,"","",,"No Violation Identified",03/20/2024,"Enforcement","Base Permit"
3602064155,"TX0119407",0,3600435311,"001","EXO","External Outfall",3600478276,3600684408,3604917390,"0","ENF",01/01/2020,12/06/2024,1,"50050","Flow, in conduit or thru treatment plant","1","Effluent Gross","","",3608344140,"Q2","Quantity2",,"03","MGD","03","MGD",,"DD","DAILY MX","MAX","Maximum","",,3615038480,02/29/2024,3817727008,"Q2","Quantity2",3813595537,.1939,"03","MGD",.1939,"=",03/11/2024,,"","",,,"","","","",,"","",,"No Violation Identified",03/20/2024,"Enforcement","Base Permit"
3602064155,"TX0119407",0,3600435311,"001","EXO","External Outfall",3600478276,3600684408,3604917390,"0","ENF",01/01/2020,12/06/2024,1,"50050","Flow, in conduit or thru treatment plant","1","Effluent Gross","","",3608344140,"Q2","Quantity2",,"03","MGD","03","MGD",,"DD","DAILY MX","MAX","Maximum","",,3615038489,03/31/2024,3817727173,"Q2","Quantity2",3814650180,.06,"03","MGD",.06,"=",04/03/2024,,"","",,,"","","","",,"","",,"No Violation Identified",04/20/2024,"Enforcement","Base Permit"
3602064155,"TX0119407",0,3600435311,"001","EXO","External Outfall",3600478276,3600684408,3604917390,"0","ENF",01/01/2020,12/06/2024,1,"50050","Flow, in conduit or thru treatment plant","1","Effluent Gross","","",3608344141,"Q1","Quantity1",.131,"03","MGD","03","MGD",.131,"DB","DAILY AV","AVG","Average","<=",,3615038489,03/31/2024,3817727168,"Q1","Quantity1",3814650179,.0411,"03","MGD",.0411,"=",04/03/2024,,"","",,,"","","","",,"","",,"No Violation Identified",04/20/2024,"Enforcement","Base Permit"
3602064155,"TX0119407",0,3600435311,"001","EXO","External Outfall",3600478276,3600684408,3604917390,"0","ENF",01/01/2020,12/06/2024,1,"50050","Flow, in conduit or thru treatment plant","1","Effluent Gross","","",3608344141,"Q1","Quantity1",.131,"03","MGD","03","MGD",.131,"DB","DAILY AV","AVG","Average","<=",,3615038499,04/30/2024,3817727380,"Q1","Quantity1",3816751340,.0454,"03","MGD",.0454,"=",05/06/2024,,"","",,,"","","","",,"","",,"No Violation Identified",05/20/2024,"Enforcement","Base Permit"
3602064155,"TX0119407",0,3600435311,"001","EXO","External Outfall",3600478276,3600684408,3604917390,"0","ENF",01/01/2020,12/06/2024,1,"50050","Flow, in conduit or thru treatment plant","1","Effluent Gross","","",3608344140,"Q2","Quantity2",,"03","MGD","03","MGD",,"DD","DAILY MX","MAX","Maximum","",,3615038499,04/30/2024,3817727392,"Q2","Quantity2",3816751341,.068,"03","MGD",.068,"=",05/06/2024,,"","",,,"","","","",,"","",,"No Violation Identified",05/20/2024,"Enforcement","Base Permit"
